{
  "swagger": "2.0",
  "info": {
    "version": "1.0.0",
    "title": "Cloud Group 5 Application API",
    "description": "Cloud Group 5 Application API",
    "license": {
      "name": "ISC",
      "url": "https://opensource.org/licenses/ISC"
    }
  },
  "host": "localhost:5000",
  "basePath": "/",
  "tags": [
    {
      "name": "Users",
      "description": "API for users in the system"
    }
  ],
  "schemes": [
    "http"
  ],
  "consumes": [
    "application/json"
  ],
  "produces": [
    "application/json"
  ],
  "paths": {
    "/user": {
      "get": {
        "tags": [
          "Users"
        ],
        "summary": "Get all users",
        "responses": {
          "200": {
            "description": "OK",
            "schema": {
              "$ref": "#/definitions/Users"
            }
          }
        }
      }
    },
    "/user/students": {
      "get": {
        "tags": [
          "Students"
        ],
        "summary": "Get all students",
        "responses": {
          "200": {
            "description": "OK",
            "schema": {
              "$ref": "#/definitions/Users"
            }
          }
        }
      }
    },

    "/user/userbyemail": {
      "post": {
        "tags": [
          "Users"
        ],
        "description": "Get user details using Email",
        "parameters": [
          {
            "name": "user",
            "in": "body",
            "description": "Get user by Email",
            "schema": {
              "$ref": "#/definitions/UserEmail"
            }
          }
        ],
        "produces": [
          "application/json"
        ],
        "responses": {
          "200": {
            "description": "User found",
            "schema": {
              "$ref": "#/definitions/User"
            }
          }
        }
      }
    },
    "/user/signup": {
      "post": {
        "tags": [
          "Users"
        ],
        "description": "Sign up",
        "parameters": [
          {
            "name": "user",
            "in": "body",
            "description": "Register a user",
            "schema": {
              "$ref": "#/definitions/RegisterUser"
            }
          }
        ],
        "produces": [
          "application/json"
        ],
        "responses": {
          "200": {
            "description": "User Registered",
            "schema": {
              "$ref": "#/definitions/User"
            }
          }
        }
      }
    },
    "/user/{id}": {
      "parameters": [
        {
          "name": "id",
          "in": "path",
          "required": true,
          "description": "ID of user to delete",
          "type": "string"
        }
      ],
      "delete": {
        "tags": [
          "Users"
        ],
        "summary": "Delete user with given ID",
        "responses": {
          "200": {
            "description": "User is deleted",
            "schema": {
              "$ref": "#/definitions/User"
            }
          }
        }
      }
    },
    "/user/update/{id}": {
      "parameters": [
        {
          "name": "id",
          "in": "path",
          "required": true,
          "description": "ID of user to be updated",
          "type": "string"
        }
      ],
      "put": {
        "summary": "Update user with give ID",
        "tags": [
          "Users"
        ],
        "parameters": [
          {
            "name": "user",
            "in": "body",
            "description": "User with new values of properties",
            "schema": {
              "$ref": "#/definitions/RegisterUser"
            }
          }
        ],
        "responses": {  
          "200": {
            "description": "User is updated",
            "schema": {
              "$ref": "#/definitions/User"
            }
          }
        }
      }
    }
  },
  "definitions": {
    "UserEmail": {
      "required": [
        "email"
      ],
      "properties": {
        "email": {
          "type": "string",
          "uniqueItems": true
        }
      }
    },
    "RegisterUser": {
      "required": [
        "email"
      ],
      "properties": {
        "email": {
          "type": "string",
          "uniqueItems": true
        },
        "lastName": {
          "type": "string"
        },
        "firstName": {
          "type": "string"
        },
        "phoneNumber": {
          "type": "number"
        },
        "password": {
          "type": "string"
        },
        "groupNum": {
          "type": "number"
        },
        "skillSet": {
          "type": "string"
        },
        "unit": {
          "type": "string"
        }
      }
    },

    "User": {
      "required": [
        "email",
        "_id"
      ],
      "properties": {
        "_id": {
          "type": "string",
          "uniqueItems": true
        },
        "email": {
          "type": "string",
          "uniqueItems": true
        },
        "lastName": {
          "type": "string"
        },
        "firstName": {
          "type": "string"
        }
      }
    },
    "Users": {
      "type": "array",
      "$ref": "#/definitions/User"
    }
  }
}

